"","Country","ath","year","Total","rank","final_vote","host_country","on_final_vote","gdps","pops"
"1","Algeria",-0.579667684470577,1992,-0.45498652944378,0,-0.16582719486181,0,0,-0.687228699140645,-0.162354157418213
"2","Andorra",-0.557882452645687,1992,-0.45498652944378,0,-0.16582719486181,0,0,-0.0637007265339314,-0.30080040044273
"3","Argentina",-0.231103975272331,1992,-0.45498652944378,0,-0.16582719486181,0,0,-0.611180907916024,-0.123805164700983
"4","Australia",-0.20931874344744,1992,-0.45498652944378,0,-0.16582719486181,0,0,-0.0602451615368289,-0.208814748055239
"5","Austria",0.596734834073505,1992,2.72792111787592,3,-0.16582719486181,0,0,0.0701053261416534,-0.259092526818321
"6","Belgium",-0.557882452645687,1992,-0.45498652944378,0,-0.16582719486181,0,0,0.0237574266854742,-0.246487471613953
"7","Bermuda",-0.645023379945248,1992,-0.45498652944378,0,-0.16582719486181,0,0,0.354117173249109,-0.300766476666291
"8","Bolivia",-0.579667684470577,1992,-0.45498652944378,0,-0.16582719486181,0,0,-0.759232307959597,-0.26412925311139
"9","Brazil",-0.514311988995906,1992,-0.45498652944378,0,-0.16582719486181,0,0,-0.661692103662411,0.504825508831313
"10","Bulgaria",0.00853357480146367,1992,-0.45498652944378,0,3.26307625029478,0,1,-0.685031246228656,-0.252533268423816
"11","Canada",1.68599642531803,1992,0.605982686329452,9,-0.16582719486181,0,0,0.101575362340841,-0.150756170296951
"12","Chile",-0.557882452645687,1992,-0.45498652944378,0,-0.16582719486181,0,0,-0.688180447783682,-0.229510875068668
"13","China",0.0303188066263541,1992,-0.0002854369695381,15,-0.16582719486181,0,0,-0.777745161019313,5.84279967019809
"14","Costa Rica",-0.579667684470577,1992,-0.45498652944378,0,-0.16582719486181,0,0,-0.691708621624133,-0.284485456565361
"15","Croatia",-0.579667684470577,1992,-0.45498652944378,0,-0.16582719486181,0,0,-0.644700645566268,-0.275202348730137
"16","Cyprus",-0.579667684470577,1992,-0.45498652944378,0,-0.16582719486181,0,0,-0.414258972796318,-0.296955849752706
"17","Czech Republic",0.945298543271751,1992,-0.0002854369695381,16,-0.16582719486181,0,0,-0.550649479296071,-0.244262885382013
"18","Denmark",-0.536097220820796,1992,-0.45498652944378,0,-0.16582719486181,0,0,0.290368289770525,-0.272861005887133
"19","Estonia",-0.252889207097221,1992,-0.45498652944378,0,-0.16582719486181,0,0,-0.681909209042674,-0.292502474595947
"20","Finland",0.683875761373066,1992,0.605982686329452,8,-0.16582719486181,0,0,0.279823346134438,-0.273785537873865
"21","France",1.70778165714292,1992,0.909116747978947,7,6.82913583325764,1,1,0.0701181473789719,0.0182606816356492
"22","Germany",1.7513521207927,1992,3.48575627199965,1,-0.16582719486181,0,1,0.0914529427043931,0.132129972353897
"23","Great Britain",0.400667747649491,1992,-0.45498652944378,0,-0.16582719486181,0,0,-0.0289639520869537,0.0126618594573917
"24","Greece",-0.492526757171016,1992,-0.45498652944378,0,-0.16582719486181,0,0,-0.413487552013179,-0.245429836035539
"25","Honduras",-0.645023379945248,1992,-0.45498652944378,0,-0.16582719486181,0,0,-0.757650880884714,-0.274615926902431
"26","Hungary",-0.143963047972769,1992,-0.45498652944378,0,-0.16582719486181,0,0,-0.645372883313277,-0.243457581726085
"27","Iceland",-0.557882452645687,1992,-0.45498652944378,0,-0.16582719486181,0,0,0.316108597723513,-0.299702955779203
"28","India",-0.623238148120358,1992,-0.45498652944378,0,-0.16582719486181,0,0,-0.775962206539611,4.38269410062452
"29","Ireland",-0.579667684470577,1992,-0.45498652944378,0,-0.16582719486181,0,0,-0.252124742434034,-0.281719353795555
"30","Italy",1.66421119349313,1992,1.66695190210268,5,-0.16582719486181,0,1,0.0118272372890684,0.0103552031180377
"31","Jamaica",-0.557882452645687,1992,-0.45498652944378,0,-0.16582719486181,0,0,-0.715619258543586,-0.287847284456604
"32","Japan",0.640305297723285,1992,0.605982686329452,10,-0.16582719486181,0,0,0.334529474642127,0.375120413095807
"33","North Korea",-0.231103975272331,1992,-0.303419498619033,19,-0.16582719486181,0,0,-0.706475774015099,-0.191145998545808
"34","South Korea",-0.16574827979766,1992,0.151281593855209,11,-0.16582719486181,0,0,-0.538438100846127,-0.0678010355500154
"35","Latvia",-0.16574827979766,1992,-0.45498652944378,0,-0.16582719486181,0,0,-0.678286906559138,-0.286514995644935
"36","Lebanon",-0.579667684470577,1992,-0.45498652944378,0,-0.16582719486181,0,0,-0.67808776540985,-0.286281850598046
"37","Liechtenstein",-0.514311988995906,1992,-0.45498652944378,0,-0.16582719486181,0,0,1.18888893673616,-0.300932677563427
"38","Lithuania",-0.536097220820796,1992,-0.45498652944378,0,-0.16582719486181,0,0,-0.678250899226078,-0.280913303897873
"39","Luxembourg",-0.645023379945248,1992,-0.151852467794286,17,-0.16582719486181,0,0,0.551400660267277,-0.299011582027727
"40","Mexico",-0.231103975272331,1992,-0.45498652944378,0,-0.16582719486181,0,0,-0.670824583375654,0.159090841749182
"41","Monaco",-0.557882452645687,1992,-0.45498652944378,0,-0.16582719486181,0,0,2.53553534348982,-0.300927596745127
"42","Mongolia",-0.579667684470577,1992,-0.45498652944378,0,-0.16582719486181,0,0,-0.728598597031959,-0.289366513971194
"43","Morocco",-0.405385829871454,1992,-0.45498652944378,0,-0.16582719486181,0,0,-0.741418858116288,-0.166900827081543
"44","Netherlands",-0.252889207097221,1992,0.151281593855209,12,-0.16582719486181,0,0,0.0552990728760212,-0.219436058585601
"45","Netherlands",-0.623238148120358,1992,-0.45498652944378,0,-0.16582719486181,0,0,0.0552990728760212,-0.219436058585601
"46","New Zealand",-0.536097220820796,1992,-0.303419498619033,18,-0.16582719486181,0,0,-0.201104112598712,-0.282754996673341
"47","Norway",1.07600993422109,1992,2.57635408705117,4,-0.16582719486181,0,1,0.364144701295973,-0.27787024652481
"48","Philippines",-0.645023379945248,1992,-0.45498652944378,0,-0.16582719486181,0,0,-0.760922860004948,0.0308251188684096
"49","Poland",0.487808674949053,1992,-0.45498652944378,0,-0.16582719486181,0,0,-0.678357949432216,-0.092480784581116
"50","Puerto Rico",-0.536097220820796,1992,-0.45498652944378,0,-0.16582719486181,0,0,-0.42745301663231,-0.281833340849596
"51","Romania",-0.16574827979766,1992,-0.45498652944378,0,-0.16582719486181,0,0,-0.717134870508364,-0.174292065900872
"52","San Marino",-0.601452916295468,1992,-0.45498652944378,0,-0.16582719486181,0,0,0.114401402198063,-0.300958300362011
"53","Senegal",-0.623238148120358,1992,-0.45498652944378,0,-0.16582719486181,0,0,-0.758914521663304,-0.26078115321093
"54","Slovenia",-0.078607352498098,1992,-0.45498652944378,0,-0.16582719486181,0,0,-0.474944628784415,-0.290121784260667
"55","Spain",-0.296459670747002,1992,-0.303419498619033,20,-0.16582719486181,0,0,-0.275308887083261,-0.0877525572665702
"56","Swaziland",-0.645023379945248,1992,-0.45498652944378,0,-0.16582719486181,0,0,-0.745517161397614,-0.296531409643798
"57","Sweden",0.923513311446861,1992,0.151281593855209,13,1.06857804539456,0,1,0.406415148452086,-0.254376305313663
"58","Switzerland",0.945298543271751,1992,-0.0002854369695381,14,-0.16582719486181,0,0,0.728175926175903,-0.264490206620701
"59","Chinese Taipei",-0.492526757171016,1992,-0.45498652944378,0,-0.16582719486181,0,0,-0.397163005055997,-0.0433669200699159
"60","Turkey",-0.492526757171016,1992,-0.45498652944378,0,-0.16582719486181,0,0,-0.691826268788181,-0.00994556193716226
"61","Unified Team",2.14348629364072,1992,3.03105517952541,2,-0.16582719486181,0,0,-0.739517660713989,-0.196502807526282
"62","United States",2.53562046648875,1992,1.21225080962844,6,-0.16582719486181,0,1,0.228857353534208,1.05754475868407
"63","Virgin Islands",-0.405385829871454,1992,-0.45498652944378,0,-0.16582719486181,0,0,-0.191132157317438,-0.300514923956475
"64","Yugoslavia",-0.122177816147879,1992,-0.45498652944378,0,-0.16582719486181,0,0,-0.677677895238906,-0.286801158658949
"65","American Samoa",-0.623238148120358,1994,-0.45498652944378,0,-0.16582719486181,0,0,-0.618425764115751,-0.300823697692639
"66","Andorra",-0.536097220820796,1994,-0.45498652944378,0,-0.16582719486181,0,0,0.0279822347878069,-0.300777353771789
"67","Argentina",-0.448956293521235,1994,-0.45498652944378,0,-0.16582719486181,0,0,-0.554940673267692,-0.118701181034451
"68","Armenia",-0.623238148120358,1994,-0.45498652944378,0,-0.16582719486181,0,0,-0.757738821780173,-0.28198139675211
"69","Australia",-0.122177816147879,1994,-0.303419498619033,22,-0.16582719486181,0,0,0.0334848080186061,-0.206214551642378
"70","Austria",1.07600993422109,1994,0.909116747978947,8,-0.16582719486181,0,0,0.205268060126132,-0.258448012433029
"71","Belarus",0.0521040384512445,1994,-0.151852467794286,19,-0.16582719486181,0,0,-0.714102655268623,-0.245029563608747
"72","Belgium",-0.557882452645687,1994,-0.45498652944378,0,-0.16582719486181,0,0,0.152150932458461,-0.246094309914915
"73","Bermuda",-0.645023379945248,1994,-0.45498652944378,0,-0.16582719486181,0,0,0.470762056358381,-0.300765038035282
"74","Bosnia and Herzegovina",-0.448956293521235,1994,-0.45498652944378,0,-0.16582719486181,0,0,-0.735953878382757,-0.277274207080633
"75","Brazil",-0.645023379945248,1994,-0.45498652944378,0,-0.16582719486181,0,0,-0.652636465617563,0.533864017477864
"76","Bulgaria",-0.296459670747002,1994,-0.45498652944378,0,-0.16582719486181,0,1,-0.713533698420089,-0.253566717636594
"77","Canada",1.40278841159445,1994,1.51538487127794,6,-0.16582719486181,0,0,0.152904416326773,-0.146461151157157
"78","Chile",-0.601452916295468,1994,-0.45498652944378,0,-0.16582719486181,0,0,-0.660042695144079,-0.227147375769481
"79","China",-0.143963047972769,1994,-0.0002854369695381,16,-0.16582719486181,0,0,-0.775860645920259,6.01616624661587
"80","Croatia",-0.601452916295468,1994,-0.45498652944378,0,-0.16582719486181,0,0,-0.624527495121574,-0.275627673558649
"81","Cyprus",-0.645023379945248,1994,-0.45498652944378,0,-0.16582719486181,0,0,-0.346470534330304,-0.296780553278617
"82","Czech Republic",0.705660993197957,1994,-0.45498652944378,0,-0.16582719486181,0,0,-0.524708835684541,-0.244321811004766
"83","Denmark",-0.579667684470577,1994,-0.45498652944378,0,-0.16582719486181,0,0,0.410578470329192,-0.272747302382977
"84","Estonia",-0.100392584322988,1994,-0.45498652944378,0,-0.16582719486181,0,0,-0.670703601676727,-0.292597982550074
"85","Fiji",-0.645023379945248,1994,-0.45498652944378,0,-0.16582719486181,0,0,-0.704760578866067,-0.297035380000485
"86","Finland",0.662090529548176,1994,0.454415655504704,10,-0.16582719486181,0,0,0.273651504392305,-0.273532942184043
"87","France",1.46814410706912,1994,0.302848624679957,12,-0.16582719486181,0,0,0.182370407363128,0.0211609188878078
"88","Georgia",-0.557882452645687,1994,-0.45498652944378,0,-0.16582719486181,0,0,-0.757761466069417,-0.274464019996818
"89","Germany",1.77313735261759,1994,3.18262221035016,2,-0.16582719486181,0,0,0.248217730571042,0.138500417297399
"90","Great Britain",0.0303188066263541,1994,-0.151852467794286,20,-0.16582719486181,0,0,0.0593456554334317,0.0143858416632645
"91","Greece",-0.470741525346125,1994,-0.45498652944378,0,-0.16582719486181,0,0,-0.34646265556622,-0.244526545012529
"92","Hungary",-0.318244902571892,1994,-0.45498652944378,0,-0.16582719486181,0,0,-0.625553198827828,-0.243987714505363
"93","Iceland",-0.557882452645687,1994,-0.45498652944378,0,-0.16582719486181,0,0,0.350725152872487,-0.299670882770235
"94","Israel",-0.645023379945248,1994,-0.45498652944378,0,-0.16582719486181,0,0,-0.26288098922418,-0.274150576479785
"95","Italy",1.59885549801846,1994,2.57635408705117,4,-0.16582719486181,0,0,0.119956545760919,0.0107922754842554
"96","Jamaica",-0.579667684470577,1994,-0.45498652944378,0,-0.16582719486181,0,0,-0.711968405234141,-0.287647996145289
"97","Japan",0.574949602248614,1994,0.302848624679957,11,-0.16582719486181,0,0,0.531278982069459,0.379583576218775
"98","Kazakhstan",-0.0350368888483171,1994,-0.0002854369695381,15,-0.16582719486181,0,0,-0.726707653653337,-0.211168966041308
"99","South Korea",-0.20931874344744,1994,0.454415655504704,9,-0.16582719486181,0,0,-0.461201287516173,-0.0630865757913526
"100","Kyrgyzstan",-0.645023379945248,1994,-0.45498652944378,0,-0.16582719486181,0,0,-0.77443601216841,-0.27669659068581
"101","Latvia",-0.078607352498098,1994,-0.45498652944378,0,-0.16582719486181,0,0,-0.663310877370706,-0.286627524285417
"102","Liechtenstein",-0.448956293521235,1994,-0.45498652944378,0,-0.16582719486181,0,0,1.47813039922723,-0.30092881007487
"103","Lithuania",-0.536097220820796,1994,-0.45498652944378,0,-0.16582719486181,0,0,-0.663273316916751,-0.280790969706694
"104","Luxembourg",-0.645023379945248,1994,-0.45498652944378,0,-0.16582719486181,0,0,0.850590760638317,-0.298961631088564
"105","Mexico",-0.645023379945248,1994,-0.45498652944378,0,-0.16582719486181,0,0,-0.619464971319704,0.177600485920347
"106","Moldova",-0.623238148120358,1994,-0.45498652944378,0,-0.16582719486181,0,0,-0.768171699538866,-0.28077003757056
"107","Monaco",-0.557882452645687,1994,-0.45498652944378,0,-0.16582719486181,0,0,2.94767460622473,-0.300925844890407
"108","Mongolia",-0.645023379945248,1994,-0.45498652944378,0,-0.16582719486181,0,0,-0.747508512921583,-0.288944876390226
"109","Netherlands",-0.20931874344744,1994,0.151281593855209,13,-0.16582719486181,0,0,0.167483661952013,-0.218282732613985
"110","New Zealand",-0.514311988995906,1994,-0.45498652944378,0,-0.16582719486181,0,0,-0.211978047855911,-0.282154816081995
"111","Norway",1.25029178882022,1994,3.48575627199965,1,6.00619900642005,1,1,0.470567684741376,-0.277648243449785
"112","Poland",-0.0568221206732075,1994,-0.45498652944378,0,-0.16582719486181,0,0,-0.663335408795371,-0.0910162790954305
"113","Portugal",-0.645023379945248,1994,-0.45498652944378,0,-0.16582719486181,0,0,-0.400369882609969,-0.246285071947109
"114","Puerto Rico",-0.557882452645687,1994,-0.45498652944378,0,-0.16582719486181,0,0,-0.378660516613944,-0.281520199565969
"115","Romania",-0.16574827979766,1994,-0.45498652944378,0,-0.16582719486181,0,0,-0.727831805251461,-0.17478611091253
"116","Russia",1.79492258444248,1994,3.03105517952541,3,-0.16582719486181,0,0,-0.642830060241854,0.514222513600072
"117","San Marino",-0.601452916295468,1994,-0.45498652944378,0,-0.16582719486181,0,0,0.188643816342443,-0.300954768077777
"118","Senegal",-0.645023379945248,1994,-0.45498652944378,0,-0.16582719486181,0,0,-0.758898258181205,-0.258253357634575
"119","Slovakia",0.248171124875258,1994,-0.45498652944378,0,-0.16582719486181,0,0,-0.59607502859009,-0.271954994763476
"120","Slovenia",-0.18753351162255,1994,-0.0002854369695381,17,-0.16582719486181,0,0,-0.413979535980282,-0.29011818823266
"121","South Africa",-0.623238148120358,1994,-0.45498652944378,0,-0.16582719486181,0,0,-0.638669431934675,-0.0936828173892953
"122","Spain",-0.383600598046564,1994,-0.45498652944378,0,-0.16582719486181,0,0,-0.171564645269906,-0.0865796795412095
"123","Sweden",1.16315086152066,1994,-0.0002854369695381,14,5.18326217958247,0,1,0.503536415035007,-0.253769272266748
"124","Switzerland",0.618520065898395,1994,0.909116747978947,7,-0.16582719486181,0,0,0.875428831700127,-0.263748210422387
"125","Chinese Taipei",-0.623238148120358,1994,-0.45498652944378,0,-0.16582719486181,0,0,-0.36825770096414,-0.0289646465599398
"126","Trinidad and Tobago",-0.623238148120358,1994,-0.45498652944378,0,-0.16582719486181,0,0,-0.608941146758359,-0.294332816583742
"127","Turkey",-0.645023379945248,1994,-0.45498652944378,0,-0.16582719486181,0,0,-0.668585675937443,0.000218296903221238
"128","Ukraine",0.139244965750806,1994,-0.151852467794286,18,-0.16582719486181,0,0,-0.72499937353714,-0.0153465223457775
"129","United States",2.53562046648875,1994,1.51538487127794,5,-0.16582719486181,0,1,0.322619646051881,1.09012551977257
"130","Uzbekistan",-0.514311988995906,1994,-0.303419498619033,21,-0.16582719486181,0,0,-0.76450175503781,-0.185875202921145
"131","Virgin Islands",-0.492526757171016,1994,-0.45498652944378,0,-0.16582719486181,0,0,-0.0725029836748418,-0.300512958889825
"132","Andorra",-0.601452916295468,1998,-0.45498652944378,0,-0.16582719486181,0,0,0.00937127199595064,-0.300741417670387
"133","Argentina",-0.623238148120358,1998,-0.45498652944378,0,-0.16582719486181,0,0,-0.451256060662451,-0.108849239157646
"134","Armenia",-0.514311988995906,1998,-0.45498652944378,0,-0.16582719486181,0,0,-0.771018914330731,-0.283322644860942
"135","Australia",-0.16574827979766,1998,-0.303419498619033,22,-0.16582719486181,0,0,0.12760263638646,-0.201712372934365
"136","Austria",1.42457364341934,1998,2.12165299457693,4,-0.16582719486181,0,0,0.440215820290419,-0.257438622098341
"137","Azerbaijan",-0.579667684470577,1998,-0.45498652944378,0,-0.16582719486181,0,0,-0.770686146034452,-0.2589100448824
"138","Belarus",0.618520065898395,1998,-0.151852467794286,17,-0.16582719486181,0,0,-0.725565720085234,-0.245107594778836
"139","Belgium",-0.645023379945248,1998,-0.303419498619033,23,-0.16582719486181,0,0,0.365977903222794,-0.245395792464769
"140","Bermuda",-0.645023379945248,1998,-0.45498652944378,0,-0.16582719486181,0,0,0.923064457760162,-0.300760741924805
"141","Bosnia and Herzegovina",-0.492526757171016,1998,-0.45498652944378,0,-0.16582719486181,0,0,-0.719265058709725,-0.279753065024006
"142","Brazil",-0.645023379945248,1998,-0.45498652944378,0,-0.16582719486181,0,0,-0.596501091041686,0.590876474200964
"143","Bulgaria",-0.252889207097221,1998,-0.303419498619033,19,-0.16582719486181,0,0,-0.732197752890183,-0.254933076395767
"144","Canada",2.47026477101408,1998,1.81851893292743,5,-0.16582719486181,0,0,0.143365391964687,-0.13957712373565
"145","Chile",-0.601452916295468,1998,-0.45498652944378,0,-0.16582719486181,0,0,-0.575277357553182,-0.222548529630095
"146","China",0.531379138598833,1998,0.757549717154199,12,-0.16582719486181,0,0,-0.764599292629568,6.31810291363705
"147","Croatia",-0.536097220820796,1998,-0.45498652944378,0,-0.16582719486181,0,0,-0.586523236868644,-0.275783735898827
"148","Cyprus",-0.645023379945248,1998,-0.45498652944378,0,-0.16582719486181,0,0,-0.190087258033639,-0.29638961381938
"149","Czech Republic",0.640305297723285,1998,-0.0002854369695381,15,-0.16582719486181,0,0,-0.549785294021684,-0.244367873573791
"150","Denmark",-0.405385829871454,1998,-0.303419498619033,20,-0.16582719486181,0,0,0.66781333145244,-0.272320420228155
"151","Estonia",-0.231103975272331,1998,-0.45498652944378,0,-0.16582719486181,0,0,-0.643005651444789,-0.293166657232223
"152","Finland",1.18493609334555,1998,1.36381784045319,7,-0.16582719486181,0,0,0.244982357879291,-0.273033985604792
"153","France",1.64242596166824,1998,0.757549717154199,11,-0.16582719486181,0,0,0.334383737939125,0.0260856737488905
"154","Georgia",-0.579667684470577,1998,-0.45498652944378,0,-0.16582719486181,0,0,-0.763428218094911,-0.275092006061448
"155","Germany",2.05634536634116,1998,3.9404573644739,1,-0.16582719486181,0,0,0.491420490143072,0.147559940552615
"156","Great Britain",0.0738892702761349,1998,-0.303419498619033,24,-0.16582719486181,0,0,0.213429914937379,0.0177258867687162
"157","Greece",-0.383600598046564,1998,-0.45498652944378,0,-0.16582719486181,0,0,-0.234242470734483,-0.243054002316324
"158","Hungary",-0.296459670747002,1998,-0.45498652944378,0,-0.16582719486181,0,0,-0.596020708222959,-0.244344244416652
"159","Iceland",-0.514311988995906,1998,-0.45498652944378,0,-0.16582719486181,0,0,0.390515469732443,-0.299619227234667
"160","India",-0.645023379945248,1998,-0.45498652944378,0,-0.16582719486181,0,0,-0.774842184128984,4.97760258080548
"161","Iran",-0.645023379945248,1998,-0.45498652944378,0,-0.16582719486181,0,0,-0.722162117824213,0.0325609750005027
"162","Ireland",-0.536097220820796,1998,-0.45498652944378,0,-0.16582719486181,0,0,0.0507820008206423,-0.281210563090812
"163","Israel",-0.601452916295468,1998,-0.45498652944378,0,-0.16582719486181,0,0,-0.0383502851028676,-0.270609500000543
"164","Italy",1.77313735261759,1998,1.06068377880369,10,-0.16582719486181,0,1,0.142817948606581,0.0113326984867099
"165","Jamaica",-0.536097220820796,1998,-0.45498652944378,0,-0.16582719486181,0,0,-0.686412602107659,-0.28714431483364
"166","Japan",2.73168755291276,1998,1.06068377880369,9,6.14335514422632,1,1,0.944404994969813,0.387728491733258
"167","Kazakhstan",0.640305297723285,1998,-0.151852467794286,18,-0.16582719486181,0,0,-0.729473798828752,-0.214097523113056
"168","Kenya",-0.645023379945248,1998,-0.45498652944378,0,-0.16582719486181,0,0,-0.775873606679065,-0.150795491412492
"169","North Korea",-0.492526757171016,1998,-0.45498652944378,0,-0.16582719486181,0,0,-0.67870246696177,-0.181123902558926
"170","South Korea",0.139244965750806,1998,0.454415655504704,14,-0.16582719486181,0,0,-0.280158016743785,-0.0533592705747603
"171","Kyrgyzstan",-0.645023379945248,1998,-0.45498652944378,0,-0.16582719486181,0,0,-0.773590801858466,-0.275902431199807
"172","Latvia",-0.0350368888483171,1998,-0.45498652944378,0,-0.16582719486181,0,0,-0.631207100527978,-0.287395915900801
"173","Liechtenstein",-0.492526757171016,1998,-0.45498652944378,0,-0.16582719486181,0,0,2.38092554557095,-0.300919356213954
"174","Lithuania",-0.514311988995906,1998,-0.45498652944378,0,-0.16582719486181,0,0,-0.631110060756165,-0.281146335744615
"175","Luxembourg",-0.645023379945248,1998,-0.45498652944378,0,-0.16582719486181,0,0,1.37258605877842,-0.298843924915092
"176","Macedonia",-0.601452916295468,1998,-0.45498652944378,0,-0.16582719486181,0,0,-0.706986133030849,-0.290166721422394
"177","Moldova",-0.623238148120358,1998,-0.45498652944378,0,-0.16582719486181,0,0,-0.765106006099241,-0.280878781149777
"178","Monaco",-0.579667684470577,1998,-0.45498652944378,0,-0.16582719486181,0,0,3.4480325199609,-0.300920242032589
"179","Mongolia",-0.601452916295468,1998,-0.45498652944378,0,-0.16582719486181,0,0,-0.769008028288521,-0.288456660636683
"180","Netherlands",-0.18753351162255,1998,1.21225080962844,8,-0.16582719486181,0,0,0.394091515131078,-0.2161631301777
"181","New Zealand",-0.492526757171016,1998,-0.45498652944378,0,-0.16582719486181,0,0,-0.049731437582812,-0.280889941805161
"182","Norway",0.988869006921532,1998,3.33418924117491,2,-0.16582719486181,0,0,0.710050871191371,-0.2771363336963
"183","Poland",0.182815429400587,1998,-0.45498652944378,0,-0.16582719486181,0,0,-0.634797864853991,-0.0891154958426254
"184","Portugal",-0.623238148120358,1998,-0.45498652944378,0,-0.16582719486181,0,0,-0.293621617153882,-0.245966709169269
"185","Puerto Rico",-0.536097220820796,1998,-0.45498652944378,0,-0.16582719486181,0,0,-0.270132801207796,-0.280831669006563
"186","Romania",-0.318244902571892,1998,-0.45498652944378,0,-0.16582719486181,0,0,-0.724624862768042,-0.176512983568787
"187","Russia",1.99098967086649,1998,2.27322002540167,3,-0.16582719486181,0,0,-0.667993120556786,0.513630218553028
"188","Slovakia",0.139244965750806,1998,-0.45498652944378,0,-0.16582719486181,0,0,-0.592791725244656,-0.271645570401218
"189","Slovenia",0.0738892702761349,1998,-0.45498652944378,0,-0.16582719486181,0,0,-0.30871114668825,-0.290158346809492
"190","South Africa",-0.623238148120358,1998,-0.45498652944378,0,-0.16582719486181,0,0,-0.631836920066384,-0.0738791097885305
"191","Spain",-0.405385829871454,1998,-0.45498652944378,0,-0.16582719486181,0,1,-0.132574809189387,-0.0828415996351959
"192","Sweden",1.48992933889401,1998,-0.0002854369695381,16,-0.16582719486181,0,1,0.494238545225582,-0.252716947204021
"193","Switzerland",0.836372384147299,1998,0.605982686329452,13,-0.16582719486181,0,0,1.15492527689534,-0.262476121009896
"194","Chinese Taipei",-0.514311988995906,1998,-0.45498652944378,0,-0.16582719486181,0,0,-0.357353859034396,0.00025791805410678
"195","Trinidad and Tobago",-0.623238148120358,1998,-0.45498652944378,0,-0.16582719486181,0,0,-0.600712728116993,-0.294199347014882
"196","Turkey",-0.645023379945248,1998,-0.45498652944378,0,-0.16582719486181,0,0,-0.659798028504116,0.0203774694546575
"197","Ukraine",0.553164370423724,1998,-0.303419498619033,21,-0.16582719486181,0,0,-0.74545176140754,-0.0183480869189034
"198","United States",3.38524450765948,1998,1.51538487127794,6,5.59473059300126,0,1,0.516265742421155,1.16213180430609
"199","Uruguay",-0.645023379945248,1998,-0.45498652944378,0,-0.16582719486181,0,0,-0.521870757732022,-0.283368573348238
"200","Uzbekistan",-0.579667684470577,1998,-0.45498652944378,0,-0.16582719486181,0,0,-0.764316681645081,-0.175803826403745
"201","Venezuela",-0.645023379945248,1998,-0.45498652944378,0,-0.16582719486181,0,0,-0.651726613961667,-0.179163846389709
"202","Virgin Islands",-0.514311988995906,1998,-0.45498652944378,0,-0.16582719486181,0,0,0.0958255771848683,-0.300497461459833
"203","Yugoslavia",-0.623238148120358,1998,-0.45498652944378,0,-0.16582719486181,0,0,-0.706986133030849,-0.283224110333644
"204","Andorra",-0.601452916295468,2002,-0.45498652944378,0,-0.16582719486181,0,0,0.112409611934253,-0.300731103268538
"205","Argentina",-0.427171061696344,2002,-0.45498652944378,0,-0.16582719486181,0,0,-0.438798660235179,-0.0996887193896616
"206","Armenia",-0.470741525346125,2002,-0.45498652944378,0,-0.16582719486181,0,0,-0.763737321748766,-0.284107760424428
"207","Australia",-0.078607352498098,2002,-0.151852467794286,19,-0.16582719486181,0,0,0.173011201798797,-0.19698873956758
"208","Austria",1.29386225247,2002,2.12165299457693,5,-0.16582719486181,0,0,0.384264670242143,-0.257137569051894
"209","Azerbaijan",-0.579667684470577,2002,-0.45498652944378,0,-0.16582719486181,0,0,-0.764161414277452,-0.257244409110173
"210","Belarus",0.727446225022847,2002,-0.303419498619033,23,-0.16582719486181,0,0,-0.731266848929587,-0.246004516919723
"211","Belgium",-0.536097220820796,2002,-0.45498652944378,0,-0.16582719486181,0,0,0.314509644392295,-0.244875158606661
"212","Bermuda",-0.645023379945248,2002,-0.45498652944378,0,-0.16582719486181,0,0,1.64245340774676,-0.300751444126228
"213","Bosnia and Herzegovina",-0.623238148120358,2002,-0.45498652944378,0,-0.16582719486181,0,0,-0.734256084536788,-0.280427113657661
"214","Brazil",-0.448956293521235,2002,-0.45498652944378,0,-0.16582719486181,0,0,-0.60415847410991,0.647938599412371
"215","Bulgaria",-0.16574827979766,2002,-0.0002854369695381,18,-0.16582719486181,0,0,-0.71773484727544,-0.256073950351085
"216","Cameroon",-0.645023379945248,2002,-0.45498652944378,0,-0.16582719486181,0,0,-0.761590263090232,-0.219181414302806
"217","Canada",2.60097616196342,2002,2.12165299457693,4,0.794265769782035,0,1,0.226821804647049,-0.133392346817676
"218","Chile",-0.536097220820796,2002,-0.45498652944378,0,-0.16582719486181,0,0,-0.556787695334657,-0.218257985742761
"219","China",0.771016688672628,2002,0.757549717154199,11,-0.16582719486181,0,0,-0.750640350674781,6.57800715671391
"220","Costa Rica",-0.645023379945248,2002,-0.45498652944378,0,-0.16582719486181,0,0,-0.624055700142627,-0.27996438002679
"221","Croatia",-0.361815366221673,2002,0.151281593855209,14,-0.16582719486181,0,0,-0.554820554369285,-0.276368420159211
"222","Cyprus",-0.645023379945248,2002,-0.45498652944378,0,-0.16582719486181,0,0,-0.11570549767733,-0.296000937264076
"223","Czech Republic",0.988869006921532,2002,-0.0002854369695381,16,-0.16582719486181,0,0,-0.508281687196954,-0.244649263864406
"224","Denmark",-0.427171061696344,2002,-0.45498652944378,0,-0.16582719486181,0,0,0.665178833986066,-0.271844361950718
"225","Estonia",-0.296459670747002,2002,-0.0002854369695381,17,-0.16582719486181,0,0,-0.607249989787422,-0.293438524422996
"226","Fiji",-0.645023379945248,2002,-0.45498652944378,0,-0.16582719486181,0,0,-0.689737372036319,-0.296665195733461
"227","Finland",1.46814410706912,2002,0.605982686329452,12,-0.16582719486181,0,0,0.347667959287072,-0.272708622002255
"228","France",1.81670781626737,2002,1.21225080962844,8,-0.16582719486181,0,0,0.286584822868589,0.0318269841408219
"229","Georgia",-0.579667684470577,2002,-0.45498652944378,0,-0.16582719486181,0,0,-0.758425213077885,-0.27660679988868
"230","Germany",2.75347278473765,2002,5.00142658024713,1,-0.16582719486181,0,0,0.370962356954225,0.150330902136548
"231","Great Britain",0.400667747649491,2002,-0.151852467794286,20,-0.16582719486181,0,0,0.449930774566288,0.0214751800835808
"232","Greece",-0.448956293521235,2002,-0.45498652944378,0,-0.16582719486181,0,0,-0.206252616457927,-0.241948534729676
"233","Hong Kong",-0.623238148120358,2002,-0.45498652944378,0,-0.16582719486181,0,0,0.3766484853236,-0.264800244242014
"234","Hungary",-0.122177816147879,2002,-0.45498652944378,0,-0.16582719486181,0,0,-0.574244178703096,-0.244826096783225
"235","Iceland",-0.536097220820796,2002,-0.45498652944378,0,-0.16582719486181,0,0,0.578192012744786,-0.299562659032475
"236","India",-0.645023379945248,2002,-0.45498652944378,0,-0.16582719486181,0,0,-0.771899193160589,5.38358880705589
"237","Iran",-0.623238148120358,2002,-0.45498652944378,0,-0.16582719486181,0,0,-0.711375144867881,0.0559884402489175
"238","Ireland",-0.536097220820796,2002,-0.45498652944378,0,-0.16582719486181,0,0,0.361893802552371,-0.280412775704915
"239","Israel",-0.557882452645687,2002,-0.45498652944378,0,-0.16582719486181,0,0,0.108248969652142,-0.267392637537867
"240","Italy",1.77313735261759,2002,1.51538487127794,7,-0.16582719486181,0,0,0.170601688262022,0.0117277604095946
"241","Jamaica",-0.623238148120358,2002,-0.45498652944378,0,-0.16582719486181,0,0,-0.643837686804507,-0.286618033057461
"242","Japan",1.57707026619357,2002,-0.151852467794286,21,-0.16582719486181,0,0,0.793429530993988,0.394685355207375
"243","Kazakhstan",0.422452979474381,2002,-0.45498652944378,0,-0.16582719486181,0,0,-0.73013914611645,-0.218578766387843
"244","Kenya",-0.645023379945248,2002,-0.45498652944378,0,-0.16582719486181,0,0,-0.771812787956816,-0.13283142469713
"245","South Korea",0.378882515824601,2002,0.151281593855209,15,-0.16582719486181,0,0,-0.304765231034665,-0.0447564824415932
"246","Kyrgyzstan",-0.623238148120358,2002,-0.45498652944378,0,-0.16582719486181,0,0,-0.777108959797177,-0.274548095835012
"247","Latvia",0.35709728399971,2002,-0.45498652944378,0,-0.16582719486181,0,0,-0.649046026125177,-0.287968608638695
"248","Lebanon",-0.623238148120358,2002,-0.45498652944378,0,-0.16582719486181,0,0,-0.549686187090183,-0.283550044176039
"249","Liechtenstein",-0.492526757171016,2002,-0.45498652944378,0,-0.16582719486181,0,0,2.63047944969012,-0.30090868242911
"250","Lithuania",-0.492526757171016,2002,-0.45498652944378,0,-0.16582719486181,0,0,-0.647217057592851,-0.281725029189391
"251","Macedonia",-0.623238148120358,2002,-0.45498652944378,0,-0.16582719486181,0,0,-0.708780212828012,-0.289973637138616
"252","Mexico",-0.601452916295468,2002,-0.45498652944378,0,-0.16582719486181,0,0,-0.524198068708579,0.249734780038882
"253","Moldova",-0.557882452645687,2002,-0.45498652944378,0,-0.16582719486181,0,0,-0.772660835022519,-0.281059088104211
"254","Monaco",-0.557882452645687,2002,-0.45498652944378,0,-0.16582719486181,0,0,3.18968578070468,-0.300914151205199
"255","Mongolia",-0.579667684470577,2002,-0.45498652944378,0,-0.16582719486181,0,0,-0.769349077592677,-0.288027311158243
"256","Nepal",-0.645023379945248,2002,-0.45498652944378,0,-0.16582719486181,0,0,-0.781081074662794,-0.173101541041735
"257","Netherlands",-0.078607352498098,2002,0.757549717154199,10,-0.16582719486181,0,0,0.4234498249872,-0.214153794576996
"258","New Zealand",-0.448956293521235,2002,-0.45498652944378,0,-0.16582719486181,0,0,-0.112865333126612,-0.280020938337707
"259","Norway",1.01065423874642,2002,3.33418924117491,3,-0.16582719486181,0,0,0.876180599260699,-0.276576959010789
"260","Poland",-0.078607352498098,2002,-0.151852467794286,22,-0.16582719486181,0,0,-0.587992060047094,-0.0895473829826391
"261","Puerto Rico",-0.623238148120358,2002,-0.45498652944378,0,-0.16582719486181,0,0,-0.0973158981769568,-0.280240314729682
"262","Romania",-0.20931874344744,2002,-0.45498652944378,0,-0.16582719486181,0,0,-0.71380016160493,-0.177878463103508
"263","Russia",2.62276139378831,2002,1.51538487127794,6,-0.16582719486181,0,0,-0.702926253465957,0.507108522825161
"264","San Marino",-0.645023379945248,2002,-0.45498652944378,0,-0.16582719486181,0,0,0.485306310142578,-0.30093990478842
"265","Slovakia",0.400667747649491,2002,-0.45498652944378,0,-0.16582719486181,0,0,-0.543449781483398,-0.271483873331335
"266","Slovenia",0.204600661225477,2002,-0.303419498619033,24,-0.16582719486181,0,0,-0.305350648161837,-0.290173766208313
"267","South Africa",-0.645023379945248,2002,-0.45498652944378,0,-0.16582719486181,0,0,-0.650965843665748,-0.0582591455819209
"268","Spain",-0.514311988995906,2002,-0.45498652944378,0,-0.16582719486181,0,0,-0.106930984296162,-0.0789901701128684
"269","Sweden",1.55528503436868,2002,0.605982686329452,13,1.75435873442588,0,1,0.536206077887137,-0.25237660601295
"270","Switzerland",1.72956688896781,2002,1.21225080962844,9,1.75435873442588,0,1,1.0059894475212,-0.261790876551879
"271","Chinese Taipei",-0.536097220820796,2002,-0.45498652944378,0,-0.16582719486181,0,0,-0.307325009654801,0.0289038817775723
"272","Tajikistan",-0.645023379945248,2002,-0.45498652944378,0,-0.16582719486181,0,0,-0.783491291189656,-0.267442985227063
"273","Thailand",-0.645023379945248,2002,-0.45498652944378,0,-0.16582719486181,0,0,-0.698664104591387,0.0410049916831503
"274","Trinidad and Tobago",-0.623238148120358,2002,-0.45498652944378,0,-0.16582719486181,0,0,-0.537401802188393,-0.294133854684505
"275","Turkey",-0.601452916295468,2002,-0.45498652944378,0,-0.16582719486181,0,0,-0.617873455656144,0.0411722938089124
"276","Ukraine",0.814587152322409,2002,-0.45498652944378,0,-0.16582719486181,0,0,-0.75622058146828,-0.028231379741595
"277","United States",3.73380821685772,2002,4.69829251859763,2,7.24060424667643,1,1,0.771165487517921,1.23170963353696
"278","Uzbekistan",-0.536097220820796,2002,-0.45498652944378,0,-0.16582719486181,0,0,-0.764491482653657,-0.167397891130162
"279","Venezuela",-0.579667684470577,2002,-0.45498652944378,0,-0.16582719486181,0,0,-0.598064406582672,-0.169045736894639
"280","Virgin Islands",-0.492526757171016,2002,-0.45498652944378,0,-0.16582719486181,0,0,0.184633586700605,-0.300492678478816
"281","Yugoslavia",-0.536097220820796,2002,-0.45498652944378,0,-0.16582719486181,0,0,-0.599841628827455,-0.283612216649089
"282","Albania",-0.645023379945248,2006,-0.45498652944378,0,-0.16582719486181,0,0,-0.702728114458391,-0.284395492121402
"283","Algeria",-0.623238148120358,2006,-0.45498652944378,0,-0.16582719486181,0,0,-0.689141227781806,-0.122924799455552
"284","Andorra",-0.601452916295468,2006,-0.45498652944378,0,-0.16582719486181,0,0,0.640740969151302,-0.300687017855499
"285","Argentina",-0.470741525346125,2006,-0.45498652944378,0,-0.16582719486181,0,0,-0.588737361453616,-0.0905757184062006
"286","Armenia",-0.557882452645687,2006,-0.45498652944378,0,-0.16582719486181,0,0,-0.743884225567964,-0.284510885934566
"287","Australia",0.204600661225477,2006,-0.151852467794286,18,-0.16582719486181,0,0,0.361613821304883,-0.191755156018805
"288","Austria",1.18493609334555,2006,3.03105517952541,4,-0.16582719486181,0,0,0.6357079966864,-0.256418303003718
"289","Azerbaijan",-0.623238148120358,2006,-0.45498652944378,0,-0.16582719486181,0,0,-0.74632238078902,-0.255791710509843
"290","Belarus",-0.0568221206732075,2006,-0.303419498619033,22,-0.16582719486181,0,0,-0.700462472037641,-0.247253004650839
"291","Belgium",-0.579667684470577,2006,-0.45498652944378,0,-0.16582719486181,0,0,0.577819992815808,-0.244054457532522
"292","Bermuda",-0.645023379945248,2006,-0.45498652944378,0,-0.16582719486181,0,0,2.22593899993222,-0.300740923106633
"293","Bosnia and Herzegovina",-0.536097220820796,2006,-0.45498652944378,0,-0.16582719486181,0,0,-0.69077285964805,-0.280329155964405
"294","Brazil",-0.448956293521235,2006,-0.45498652944378,0,-0.16582719486181,0,0,-0.633833496886001,0.701270546747524
"295","Bulgaria",-0.20931874344744,2006,-0.303419498619033,23,-0.16582719486181,0,0,-0.666202989557691,-0.258229511968414
"296","Canada",3.60309682590838,2006,3.18262221035016,3,-0.16582719486181,0,0,0.51207573317011,-0.126972909289664
"297","Chile",-0.470741525346125,2006,-0.45498652944378,0,-0.16582719486181,0,0,-0.541156588444994,-0.214277602568163
"298","China",0.988869006921532,2006,1.21225080962844,11,-0.16582719486181,0,0,-0.730247311492775,6.77715699017794
"299","Costa Rica",-0.645023379945248,2006,-0.45498652944378,0,-0.16582719486181,0,0,-0.598453762614301,-0.278425968032725
"300","Croatia",-0.143963047972769,2006,-0.0002854369695381,17,-0.16582719486181,0,0,-0.441535165200119,-0.276689337084083
"301","Cyprus",-0.645023379945248,2006,-0.45498652944378,0,-0.16582719486181,0,0,0.121475386442342,-0.29562796475651
"302","Czech Republic",1.18493609334555,2006,0.151281593855209,15,-0.16582719486181,0,0,-0.345383813540686,-0.245020951605243
"303","Denmark",-0.557882452645687,2006,-0.45498652944378,0,-0.16582719486181,0,0,1.01415745206884,-0.271470872898786
"304","Estonia",-0.100392584322988,2006,-0.0002854369695381,16,-0.16582719486181,0,0,-0.464354374762301,-0.293554499623329
"305","Ethiopia",-0.645023379945248,2006,-0.45498652944378,0,-0.16582719486181,0,0,-0.785422902970405,0.097733979848837
"306","Finland",1.55528503436868,2006,0.909116747978947,14,-0.16582719486181,0,0,0.6654375247766,-0.27243071673756
"307","France",1.27207702064511,2006,0.909116747978947,12,-0.16582719486181,0,0,0.521540823073166,0.0410303265357262
"308","Georgia",-0.601452916295468,2006,-0.45498652944378,0,-0.16582719486181,0,0,-0.744469808900727,-0.277482397539521
"309","Germany",2.90596940751189,2006,3.9404573644739,1,-0.16582719486181,0,0,0.54745205298002,0.152105436451302
"310","Great Britain",0.204600661225477,2006,-0.303419498619033,24,-0.16582719486181,0,0,0.765544617382895,0.0270012068733593
"311","Greece",-0.557882452645687,2006,-0.45498652944378,0,-0.16582719486181,0,0,0.0188646399138001,-0.24104373253964
"312","Hong Kong",-0.645023379945248,2006,-0.45498652944378,0,-0.16582719486181,0,0,0.342604489180891,-0.263957177895885
"313","Hungary",-0.231103975272331,2006,-0.45498652944378,0,-0.16582719486181,0,0,-0.414022562949246,-0.245401094188212
"314","Iceland",-0.557882452645687,2006,-0.45498652944378,0,-0.16582719486181,0,0,1.04165877374617,-0.299494419125686
"315","India",-0.579667684470577,2006,-0.45498652944378,0,-0.16582719486181,0,0,-0.76612697087365,5.78706482551607
"316","Iran",-0.623238148120358,2006,-0.45498652944378,0,-0.16582719486181,0,0,-0.684851245395198,0.076902170918021
"317","Ireland",-0.579667684470577,2006,-0.45498652944378,0,-0.16582719486181,0,0,1.01991570186196,-0.279080951783175
"318","Israel",-0.557882452645687,2006,-0.45498652944378,0,-0.16582719486181,0,0,0.0961505720791431,-0.264339750435433
"319","Italy",3.3416740440097,2006,1.21225080962844,10,7.10344810887016,1,1,0.411905824096992,0.0143340894130066
"320","Japan",1.77313735261759,2006,-0.303419498619033,21,-0.16582719486181,0,0,0.798138829666078,0.399923334878408
"321","Kazakhstan",0.553164370423724,2006,-0.45498652944378,0,-0.16582719486181,0,0,-0.684058081914144,-0.218896468648314
"322","Kenya",-0.645023379945248,2006,-0.45498652944378,0,-0.16582719486181,0,0,-0.771275984838041,-0.113385965891457
"323","North Korea",-0.536097220820796,2006,-0.45498652944378,0,-0.16582719486181,0,0,-0.629242525550901,-0.171798194100955
"324","South Korea",0.204600661225477,2006,1.21225080962844,9,-0.16582719486181,0,0,-0.133351021810477,-0.0382290376848421
"325","Kyrgyzstan",-0.645023379945248,2006,-0.45498652944378,0,-0.16582719486181,0,0,-0.773920342944282,-0.273342349402555
"326","Latvia",0.596734834073505,2006,-0.303419498619033,26,-0.16582719486181,0,0,-0.549500548353645,-0.288519061394082
"327","Lebanon",-0.601452916295468,2006,-0.45498652944378,0,-0.16582719486181,0,0,-0.548333055387791,-0.280829078591522
"328","Liechtenstein",-0.536097220820796,2006,-0.45498652944378,0,-0.16582719486181,0,0,3.25209960684612,-0.300900477066914
"329","Lithuania",-0.514311988995906,2006,-0.45498652944378,0,-0.16582719486181,0,0,-0.540435724867027,-0.282373851774496
"330","Luxembourg",-0.645023379945248,2006,-0.45498652944378,0,-0.16582719486181,0,0,2.12418282012622,-0.298602266777449
"331","Macedonia",-0.601452916295468,2006,-0.45498652944378,0,-0.16582719486181,0,0,-0.682941006890194,-0.289810096994477
"332","Madagascar",-0.645023379945248,2006,-0.45498652944378,0,-0.16582719486181,0,0,-0.778826821834144,-0.206083315303625
"333","Moldova",-0.514311988995906,2006,-0.45498652944378,0,-0.16582719486181,0,0,-0.764462380625075,-0.281233245982635
"334","Monaco",-0.579667684470577,2006,-0.45498652944378,0,-0.16582719486181,0,0,4.00479282889286,-0.300907542734414
"335","Mongolia",-0.623238148120358,2006,-0.45498652944378,0,-0.16582719486181,0,0,-0.75929790852697,-0.28750929409191
"336","Nepal",-0.645023379945248,2006,-0.45498652944378,0,-0.16582719486181,0,0,-0.779047808144072,-0.164118408103974
"337","Netherlands",0.0956745021010253,2006,0.909116747978947,13,-0.16582719486181,0,0,0.764948128179485,-0.212043196498128
"338","New Zealand",-0.274674438922112,2006,-0.45498652944378,0,-0.16582719486181,0,0,0.165371259127974,-0.279023018585022
"339","Norway",1.09779516604598,2006,2.42478705622642,6,-0.16582719486181,0,0,1.52318061134453,-0.27599588616484
"340","Poland",0.378882515824601,2006,-0.151852467794286,19,-0.16582719486181,0,0,-0.514935667462937,-0.0911403618442385
"341","Portugal",-0.645023379945248,2006,-0.45498652944378,0,-0.16582719486181,0,0,-0.0933767041242115,-0.243688345173741
"342","Romania",-0.122177816147879,2006,-0.45498652944378,0,-0.16582719486181,0,0,-0.655983298519296,-0.182164768029955
"343","Russia",3.21096265306035,2006,2.87948814870066,5,-0.16582719486181,0,0,-0.638741532521985,0.494077242686248
"344","San Marino",-0.645023379945248,2006,-0.45498652944378,0,-0.16582719486181,0,0,0.950819446663712,-0.300932321477524
"345","Senegal",-0.645023379945248,2006,-0.45498652944378,0,-0.16582719486181,0,0,-0.76286109546584,-0.242390177964012
"346","Serbia and Montenegro",-0.536097220820796,2006,-0.45498652944378,0,-0.16582719486181,0,0,-0.667738754433265,-0.278865653893625
"347","Slovakia",0.683875761373066,2006,-0.303419498619033,25,-0.16582719486181,0,0,-0.400328239353094,-0.271553303488225
"348","Slovenia",0.248171124875258,2006,-0.45498652944378,0,-0.16582719486181,0,0,-0.135050787557474,-0.290120799529281
"349","South Africa",-0.601452916295468,2006,-0.45498652944378,0,-0.16582719486181,0,0,-0.617252926735618,-0.0458995291615036
"350","Spain",-0.318244902571892,2006,-0.45498652944378,0,-0.16582719486181,0,0,0.160183601068865,-0.0691443773120726
"351","Sweden",1.77313735261759,2006,1.66695190210268,7,-0.16582719486181,0,0,0.82687540910079,-0.251849872535208
"352","Switzerland",2.44847953918919,2006,1.66695190210268,8,4.77179376616368,0,1,1.34079728716956,-0.260776091076149
"353","Chinese Taipei",-0.645023379945248,2006,-0.45498652944378,0,-0.16582719486181,0,0,-0.143252081482582,0.059330102467942
"354","Tajikistan",-0.645023379945248,2006,-0.45498652944378,0,-0.16582719486181,0,0,-0.780041952585316,-0.26491024950832
"355","Thailand",-0.645023379945248,2006,-0.45498652944378,0,-0.16582719486181,0,0,-0.683705832820813,0.0534573992353049
"356","Turkey",-0.536097220820796,2006,-0.45498652944378,0,-0.16582719486181,0,0,-0.566010676115812,0.0619556014218806
"357","Ukraine",0.487808674949053,2006,-0.151852467794286,20,-0.16582719486181,0,0,-0.737907757315754,-0.0381391864410307
"358","United States",3.92987530328174,2006,3.33418924117491,2,-0.16582719486181,0,0,1.02858324231634,1.29363078718556
"359","Uzbekistan",-0.579667684470577,2006,-0.45498652944378,0,-0.16582719486181,0,0,-0.77095889646795,-0.160594012710642
"360","Venezuela",-0.645023379945248,2006,-0.45498652944378,0,-0.16582719486181,0,0,-0.59678077607327,-0.158943505094137
"361","Virgin Islands",-0.645023379945248,2006,-0.45498652944378,0,-0.16582719486181,0,0,0.441792519469164,-0.300494897421526
"362","Albania",-0.645023379945248,2010,-0.45498652944378,0,-0.16582719486181,0,0,-0.630376939963821,-0.284769537282799
"363","Algeria",-0.645023379945248,2010,-0.45498652944378,0,-0.16582719486181,0,0,-0.617070927998689,-0.112393166522173
"364","Andorra",-0.536097220820796,2010,-0.45498652944378,0,-0.16582719486181,0,0,1.23596908724673,-0.300637362555558
"365","Argentina",-0.514311988995906,2010,-0.45498652944378,0,-0.16582719486181,0,0,-0.472546753105451,-0.0814406247103293
"366","Armenia",-0.579667684470577,2010,-0.45498652944378,0,-0.16582719486181,0,0,-0.665242008147437,-0.284966554996968
"367","Australia",0.204600661225477,2010,-0.0002854369695381,18,-0.16582719486181,0,0,1.0483601050849,-0.18584325080554
"368","Austria",1.09779516604598,2010,1.97008596375218,5,-0.16582719486181,0,1,1.23604883081779,-0.255526650714388
"369","Azerbaijan",-0.623238148120358,2010,-0.45498652944378,0,-0.16582719486181,0,0,-0.624719060002884,-0.253645586267973
"370","Belarus",0.444238211299272,2010,-0.0002854369695381,19,-0.16582719486181,0,0,-0.581024441191318,-0.248484320029382
"371","Belgium",-0.492526757171016,2010,-0.45498652944378,0,-0.16582719486181,0,0,1.13869001788465,-0.242665833513141
"372","Bermuda",-0.645023379945248,2010,-0.45498652944378,0,-0.16582719486181,0,0,3.1197807487654,-0.300732307806037
"373","Bosnia and Herzegovina",-0.557882452645687,2010,-0.45498652944378,0,-0.16582719486181,0,0,-0.607561125263705,-0.280377510012157
"374","Brazil",-0.557882452645687,2010,-0.45498652944378,0,-0.16582719486181,0,0,-0.472357408485236,0.748300016486384
"375","Bulgaria",-0.252889207097221,2010,-0.45498652944378,0,-0.16582719486181,0,0,-0.532852136982708,-0.259608933804877
"376","Canada",3.82094914415728,2010,3.48575627199965,3,7.51491652228895,1,1,1.09315412256956,-0.120139272419546
"377","Cayman Islands",-0.645023379945248,2010,-0.45498652944378,0,-0.16582719486181,0,0,1.57898700785154,-0.300806089024932
"378","Chile",-0.601452916295468,2010,-0.45498652944378,0,-0.16582719486181,0,0,-0.35154332100302,-0.210473924824838
"379","China",1.29386225247,2010,1.21225080962844,8,-0.16582719486181,0,0,-0.666025949181776,6.93991792164702
"380","Colombia",-0.645023379945248,2010,-0.45498652944378,0,-0.16582719486181,0,0,-0.589255413628982,-0.057308930349924
"381","Croatia",-0.252889207097221,2010,-0.0002854369695381,21,-0.16582719486181,0,0,-0.202103331730899,-0.276710673663465
"382","Cyprus",-0.623238148120358,2010,-0.45498652944378,0,-0.16582719486181,0,0,0.576941303749195,-0.295245898870052
"383","Czech Republic",1.33743271611978,2010,0.454415655504704,13,-0.16582719486181,0,0,0.0145784060652458,-0.244403678890556
"384","Denmark",-0.274674438922112,2010,-0.45498652944378,0,-0.16582719486181,0,0,1.75575045670058,-0.271047070227606
"385","Estonia",-0.0132516570234267,2010,-0.303419498619033,25,-0.16582719486181,0,0,-0.137427492045001,-0.293710166312503
"386","Ethiopia",-0.645023379945248,2010,-0.45498652944378,0,-0.16582719486181,0,0,-0.779493149408059,0.144215548781281
"387","Finland",1.40278841159445,2010,0.302848624679957,17,-0.16582719486181,0,0,1.27750475032861,-0.272015870066451
"388","France",1.68599642531803,2010,1.21225080962844,10,-0.16582719486181,0,0,1.01703600006932,0.0504898584503989
"389","Georgia",-0.492526757171016,2010,-0.45498652944378,0,-0.16582719486181,0,0,-0.68483759929368,-0.27865110664195
"390","Germany",2.66633185743809,2010,4.09202439529864,2,-0.16582719486181,0,0,1.01994820665488,0.150749640474887
"391","Ghana",-0.645023379945248,2010,-0.45498652944378,0,-0.16582719486181,0,0,-0.747685958412684,-0.176285073204478
"392","Great Britain",0.466023443124162,2010,-0.303419498619033,24,-0.16582719486181,0,0,1.19739193943271,0.0359329337554901
"393","Greece",-0.514311988995906,2010,-0.45498652944378,0,-0.16582719486181,0,0,0.455020184210432,-0.240377359535448
"394","Hong Kong",-0.645023379945248,2010,-0.45498652944378,0,-0.16582719486181,0,0,0.543529350845902,-0.26315345684397
"395","Hungary",-0.318244902571892,2010,-0.45498652944378,0,-0.16582719486181,0,0,-0.203421517787432,-0.245835094764002
"396","Iceland",-0.579667684470577,2010,-0.45498652944378,0,-0.16582719486181,0,0,1.7100120573236,-0.299387620830568
"397","India",-0.601452916295468,2010,-0.45498652944378,0,-0.16582719486181,0,0,-0.749710192889018,6.18010827326185
"398","Iran",-0.579667684470577,2010,-0.45498652944378,0,-0.16582719486181,0,0,-0.589673992011603,0.0947971723546403
"399","Ireland",-0.514311988995906,2010,-0.45498652944378,0,-0.16582719486181,0,0,1.73786400181836,-0.27706700135313
"400","Israel",-0.601452916295468,2010,-0.45498652944378,0,-0.16582719486181,0,0,0.338330589376027,-0.26156964389728
"401","Italy",1.70778165714292,2010,0.302848624679957,15,-0.16582719486181,0,0,0.841841980471162,0.0203488067375319
"402","Jamaica",-0.645023379945248,2010,-0.45498652944378,0,-0.16582719486181,0,0,-0.590517833471215,-0.285840279899727
"403","Japan",1.38100317976956,2010,0.302848624679957,16,-0.16582719486181,0,0,0.909047506811438,0.40200270070669
"404","Kazakhstan",0.161030197575697,2010,-0.303419498619033,26,-0.16582719486181,0,0,-0.50644833563114,-0.215687639000035
"405","North Korea",-0.623238148120358,2010,-0.45498652944378,0,-0.16582719486181,0,0,-0.486787543283539,-0.168142792066258
"406","South Korea",0.33531205217482,2010,1.66695190210268,7,7.10344810887016,0,1,0.124418013509741,-0.0332891986292599
"407","Kyrgyzstan",-0.623238148120358,2010,-0.45498652944378,0,-0.16582719486181,0,0,-0.758928990358538,-0.272127920628637
"408","Latvia",0.618520065898395,2010,-0.151852467794286,23,-0.16582719486181,0,0,-0.250429435131204,-0.289025436429644
"409","Lebanon",-0.601452916295468,2010,-0.45498652944378,0,-0.16582719486181,0,0,-0.500792869616869,-0.278641357141812
"410","Liechtenstein",-0.514311988995906,2010,-0.45498652944378,0,-0.16582719486181,0,0,4.79596054840636,-0.300894852228484
"411","Lithuania",-0.492526757171016,2010,-0.45498652944378,0,-0.16582719486181,0,0,-0.283310954724824,-0.283301239042635
"412","Macedonia",-0.601452916295468,2010,-0.45498652944378,0,-0.16582719486181,0,0,-0.612888932656387,-0.28974104380507
"413","Mexico",-0.645023379945248,2010,-0.45498652944378,0,-0.16582719486181,0,0,-0.397904440014071,0.313893408250856
"414","Moldova",-0.514311988995906,2010,-0.45498652944378,0,-0.16582719486181,0,0,-0.734934274185597,-0.281423940973965
"415","Monaco",-0.601452916295468,2010,-0.45498652944378,0,-0.16582719486181,0,0,6.2356485679064,-0.30089581607829
"416","Mongolia",-0.623238148120358,2010,-0.45498652944378,0,-0.16582719486181,0,0,-0.720551447372937,-0.286831687896317
"417","Montenegro",-0.645023379945248,2010,-0.45498652944378,0,-0.16582719486181,0,0,-0.537847639485212,-0.297703434521441
"418","Morocco",-0.645023379945248,2010,-0.45498652944378,0,-0.16582719486181,0,0,-0.678784682099737,-0.12941698950985
"419","Nepal",-0.645023379945248,2010,-0.45498652944378,0,-0.16582719486181,0,0,-0.773073082055796,-0.157101937608154
"420","Netherlands",0.0738892702761349,2010,0.757549717154199,12,-0.16582719486181,0,0,1.43309933614825,-0.21094242067296
"421","New Zealand",-0.318244902571892,2010,-0.45498652944378,0,-0.16582719486181,0,0,0.532133925460533,-0.277894204292089
"422","Norway",1.48992933889401,2010,3.03105517952541,4,-0.16582719486181,0,0,2.85046794442434,-0.275162718787007
"423","Pakistan",-0.645023379945248,2010,-0.45498652944378,0,-0.16582719486181,0,0,-0.749867585379651,0.580367467009819
"424","Peru",-0.601452916295468,2010,-0.45498652944378,0,-0.16582719486181,0,0,-0.629377158520385,-0.145579864924113
"425","Poland",0.422452979474381,2010,0.454415655504704,14,-0.16582719486181,0,0,-0.304544976655809,-0.0914986930666226
"426","Portugal",-0.645023379945248,2010,-0.45498652944378,0,-0.16582719486181,0,0,0.196317652800919,-0.24317549245203
"427","Romania",-0.0350368888483171,2010,-0.45498652944378,0,-0.16582719486181,0,0,-0.456169988872688,-0.186458060592731
"428","Russia",3.18917742123546,2010,1.81851893292743,6,-0.16582719486181,0,0,-0.415793751717541,0.484608949299914
"429","San Marino",-0.645023379945248,2010,-0.45498652944378,0,-0.16582719486181,0,0,1.75716951993134,-0.300924164472674
"430","Senegal",-0.645023379945248,2010,-0.45498652944378,0,-0.16582719486181,0,0,-0.749204292980504,-0.235766428455974
"431","Serbia",-0.448956293521235,2010,-0.45498652944378,0,-0.16582719486181,0,0,-0.559540382186717,-0.260529251009394
"432","Slovakia",0.923513311446861,2010,-0.0002854369695381,20,-0.16582719486181,0,0,-0.104088886545241,-0.271540244807056
"433","Slovenia",0.422452979474381,2010,-0.0002854369695381,22,-0.16582719486181,0,0,0.237950579961294,-0.290003598909869
"434","South Africa",-0.623238148120358,2010,-0.45498652944378,0,-0.16582719486181,0,0,-0.53054965070671,-0.0323345014125643
"435","Spain",-0.274674438922112,2010,-0.45498652944378,0,-0.16582719486181,0,0,0.615239911897208,-0.0531538518709556
"436","Sweden",1.64242596166824,2010,1.21225080962844,9,-0.16582719486181,0,0,1.41970885459487,-0.250779338734087
"437","Switzerland",2.51383523466386,2010,0.909116747978947,11,-0.16582719486181,0,0,2.07537078464784,-0.259475581832287
"438","Chinese Taipei",-0.645023379945248,2010,-0.45498652944378,0,-0.16582719486181,0,0,0.0823830921325147,0.0968634676322238
"439","Tajikistan",-0.645023379945248,2010,-0.45498652944378,0,-0.16582719486181,0,0,-0.767469692431448,-0.261754978916547
"440","Turkey",-0.557882452645687,2010,-0.45498652944378,0,-0.16582719486181,0,0,-0.384404002163092,0.081421319756982
"441","Ukraine",0.35709728399971,2010,-0.45498652944378,0,-0.16582719486181,0,0,-0.668021927722859,-0.0453293905894771
"442","United States",4.0170162305813,2010,5.15299361107188,1,-0.16582719486181,0,0,1.32561317483595,1.35404365656496
"443","Uzbekistan",-0.601452916295468,2010,-0.45498652944378,0,-0.16582719486181,0,0,-0.752168498183812,-0.153166599300278
"444","Albania",-0.623238148120358,2014,-0.45498652944378,0,-0.16582719486181,0,0,-0.598686636749472,-0.285107660630191
"445","Andorra",-0.536097220820796,2014,-0.45498652944378,0,-0.16582719486181,0,0,1.03580026700438,-0.300631848719215
"446","Argentina",-0.514311988995906,2014,-0.45498652944378,0,-0.16582719486181,0,0,-0.275084696278176,-0.0721423414610688
"447","Armenia",-0.579667684470577,2014,-0.45498652944378,0,-0.16582719486181,0,0,-0.635205799076298,-0.285244293209017
"448","Australia",0.662090529548176,2014,-0.0002854369695381,22,-0.16582719486181,0,0,1.85095155713307,-0.178097414170655
"449","Austria",2.16527152546561,2014,2.12165299457693,7,-0.16582719486181,0,1,1.41660119865477,-0.254921128834499
"450","Azerbaijan",-0.579667684470577,2014,-0.45498652944378,0,-0.16582719486181,0,0,-0.489801556598323,-0.250657433164828
"451","Belarus",-0.100392584322988,2014,0.454415655504704,17,-0.16582719486181,0,0,-0.496214726602366,-0.248993753667006
"452","Belgium",-0.514311988995906,2014,-0.45498652944378,0,-0.16582719486181,0,0,1.27142785663296,-0.240586308325427
"453","Bermuda",-0.645023379945248,2014,-0.45498652944378,0,-0.16582719486181,0,0,3.13005692646672,-0.3007315945352
"454","Bosnia and Herzegovina",-0.557882452645687,2014,-0.45498652944378,0,-0.16582719486181,0,0,-0.573343137064516,-0.280854982741931
"455","Brazil",-0.383600598046564,2014,-0.45498652944378,0,-0.16582719486181,0,0,-0.271988489923918,0.790631522915356
"456","British Virgin Islands",-0.645023379945248,2014,-0.45498652944378,0,-0.16582719486181,0,0,1.88797884814624,-0.300935998833794
"457","Bulgaria",-0.274674438922112,2014,-0.45498652944378,0,-0.16582719486181,0,0,-0.459874737007667,-0.260689240185779
"458","Canada",4.16951285335553,2014,3.33418924117491,4,-0.16582719486181,0,0,1.42507273680551,-0.112184660641512
"459","Cayman Islands",-0.645023379945248,2014,-0.45498652944378,0,-0.16582719486181,0,0,1.88794544945603,-0.300778703381323
"460","Chile",-0.536097220820796,2014,-0.45498652944378,0,-0.16582719486181,0,0,-0.165975412912019,-0.206848273547525
"461","China",0.771016688672628,2014,0.909116747978947,11,-0.16582719486181,0,0,-0.543187060793261,7.08568234543409
"462","Chinese Taipei",-0.601452916295468,2014,-0.45498652944378,0,-0.16582719486181,0,0,0.059757342399752,0.139240773522304
"463","Croatia",-0.427171061696344,2014,-0.303419498619033,25,-0.16582719486181,0,0,-0.167509297424574,-0.277294102830944
"464","Cyprus",-0.623238148120358,2014,-0.45498652944378,0,-0.16582719486181,0,0,0.582722383572554,-0.294918433921075
"465","Czech Republic",1.18493609334555,2014,0.757549717154199,13,-0.16582719486181,0,0,0.120031528119584,-0.243456311246752
"466","Denmark",-0.405385829871454,2014,-0.45498652944378,0,-0.16582719486181,0,0,1.89908076200637,-0.270483271944072
"467","Dominica",-0.623238148120358,2014,-0.45498652944378,0,-0.16582719486181,0,0,-0.47916667776735,-0.300694548412928
"468","Timor-Leste",-0.645023379945248,2014,-0.45498652944378,0,-0.16582719486181,0,0,-0.747466161566035,-0.294852728378769
"469","Estonia",-0.143963047972769,2014,-0.45498652944378,0,-0.16582719486181,0,0,-0.0386332792919978,-0.293797811801971
"470","Finland",1.57707026619357,2014,0.302848624679957,19,-0.16582719486181,0,0,1.38838001257644,-0.271477252771214
"471","France",1.62064072984335,2014,1.81851893292743,8,-0.16582719486181,0,0,1.10261029991168,0.0580035974145226
"472","Georgia",-0.579667684470577,2014,-0.45498652944378,0,-0.16582719486181,0,0,-0.630272734861856,-0.279789702306909
"473","Germany",2.66633185743809,2014,2.42478705622642,6,-0.16582719486181,0,0,1.20553955851146,0.144046651962169
"474","Great Britain",0.553164370423724,2014,0.151281593855209,20,-0.16582719486181,0,0,1.03364053244527,0.0463477045708706
"475","Greece",-0.514311988995906,2014,-0.45498652944378,0,-0.16582719486181,0,0,0.353555000299389,-0.240264739675429
"476","Hong Kong",-0.645023379945248,2014,-0.45498652944378,0,-0.16582719486181,0,0,0.776490377437402,-0.262171473034472
"477","Hungary",-0.318244902571892,2014,-0.45498652944378,0,-0.16582719486181,0,0,-0.190315914257564,-0.246348571735073
"478","Iceland",-0.557882452645687,2014,-0.45498652944378,0,-0.16582719486181,0,0,1.19973474465399,-0.299330428379015
"479","India",-0.601452916295468,2014,-0.45498652944378,0,-0.16582719486181,0,0,-0.729844238231796,6.55039391596382
"480","Iran",-0.557882452645687,2014,-0.45498652944378,0,-0.16582719486181,0,0,-0.485616265742622,0.113944169627937
"481","Ireland",-0.557882452645687,2014,-0.45498652944378,0,-0.16582719486181,0,0,1.50770655252245,-0.275967807032944
"482","Israel",-0.557882452645687,2014,-0.45498652944378,0,-0.16582719486181,0,0,0.664620224221186,-0.258397072366359
"483","Italy",1.79492258444248,2014,0.757549717154199,16,-0.16582719486181,0,0,0.847802626120739,0.0259011388238749
"484","Jamaica",-0.623238148120358,2014,-0.45498652944378,0,-0.16582719486181,0,0,-0.571678853047786,-0.285544683540033
"485","Japan",1.79492258444248,2014,0.757549717154199,15,-0.16582719486181,0,0,1.22057973069705,0.401217992883544
"486","Kazakhstan",0.466023443124162,2014,-0.303419498619033,26,-0.16582719486181,0,0,-0.301860405974787,-0.210091841353891
"487","Kyrgyzstan",-0.645023379945248,2014,-0.45498652944378,0,-0.16582719486181,0,0,-0.743052881165334,-0.270675881446646
"488","Latvia",0.596734834073505,2014,0.151281593855209,21,-0.16582719486181,0,0,-0.193806439386195,-0.289718455429876
"489","Lebanon",-0.623238148120358,2014,-0.45498652944378,0,-0.16582719486181,0,0,-0.401782017018163,-0.275480215528762
"490","Liechtenstein",-0.579667684470577,2014,-0.45498652944378,0,-0.16582719486181,0,0,5.97144453913814,-0.300889537316674
"491","Lithuania",-0.470741525346125,2014,-0.45498652944378,0,-0.16582719486181,0,0,-0.174549244798444,-0.284346530309747
"492","Luxembourg",-0.645023379945248,2014,-0.45498652944378,0,-0.16582719486181,0,0,4.12949251262405,-0.298234304750228
"493","Macedonia",-0.601452916295468,2014,-0.45498652944378,0,-0.16582719486181,0,0,-0.573803660703035,-0.28970077092906
"494","Malta",-0.645023379945248,2014,-0.45498652944378,0,-0.16582719486181,0,0,0.206984673843285,-0.298796246771137
"495","Mexico",-0.645023379945248,2014,-0.45498652944378,0,-0.16582719486181,0,0,-0.369529658705847,0.3531403095553
"496","Moldova",-0.579667684470577,2014,-0.45498652944378,0,-0.16582719486181,0,0,-0.706152567331357,-0.281519884144196
"497","Monaco",-0.557882452645687,2014,-0.45498652944378,0,-0.16582719486181,0,0,5.88295557681253,-0.300883528916577
"498","Mongolia",-0.623238148120358,2014,-0.45498652944378,0,-0.16582719486181,0,0,-0.638606779162249,-0.285893951057351
"499","Montenegro",-0.623238148120358,2014,-0.45498652944378,0,-0.16582719486181,0,0,-0.479702284371077,-0.297682349620058
"500","Morocco",-0.623238148120358,2014,-0.45498652944378,0,-0.16582719486181,0,0,-0.657941155583184,-0.120389697524003
"501","Nepal",-0.645023379945248,2014,-0.45498652944378,0,-0.16582719486181,0,0,-0.762938622492256,-0.150822178072662
"502","Netherlands",0.226385893050368,2014,3.18262221035016,5,-0.16582719486181,0,0,1.53005288546177,-0.209431688862695
"503","New Zealand",-0.340030134396783,2014,-0.45498652944378,0,-0.16582719486181,0,0,0.864376221467729,-0.277033883166095
"504","Norway",2.25241245276518,2014,3.48575627199965,3,-0.16582719486181,0,0,3.48132128155818,-0.273866738648102
"505","Pakistan",-0.645023379945248,2014,-0.45498652944378,0,-0.16582719486181,0,0,-0.738795279097509,0.656626272270228
"506","Paraguay",-0.645023379945248,2014,-0.45498652944378,0,-0.16582719486181,0,0,-0.627242425047644,-0.26649532743919
"507","Peru",-0.601452916295468,2014,-0.45498652944378,0,-0.16582719486181,0,0,-0.538824584374427,-0.137487418227816
"508","Philippines",-0.645023379945248,2014,-0.45498652944378,0,-0.16582719486181,0,0,-0.685984918701671,0.222679507215186
"509","Poland",0.618520065898395,2014,0.454415655504704,18,-0.16582719486181,0,0,-0.204267161831614,-0.0918763441473023
"510","Portugal",-0.623238148120358,2014,-0.45498652944378,0,-0.16582719486181,0,0,0.211944370352679,-0.243201825224359
"511","Romania",-0.143963047972769,2014,-0.45498652944378,0,-0.16582719486181,0,0,-0.394837716983847,-0.19030266183816
"512","Russia",4.38736517160444,2014,3.9404573644739,1,6.82913583325764,0,1,-0.211479558020653,0.485052314715145
"513","San Marino",-0.623238148120358,2014,-0.45498652944378,0,-0.16582719486181,0,0,1.82395301108082,-0.300915757987885
"514","Serbia",-0.492526757171016,2014,-0.45498652944378,0,-0.16582719486181,0,0,-0.523110087240917,-0.261293511368886
"515","Slovakia",0.683875761373066,2014,-0.303419498619033,24,-0.16582719486181,0,0,-0.00703867909094637,-0.271418177680304
"516","Slovenia",0.771016688672628,2014,0.757549717154199,14,-0.16582719486181,0,0,0.281525625719176,-0.289814831618149
"517","South Korea",0.87994284779708,2014,0.757549717154199,12,6.28051128203258,0,1,0.245499751540014,-0.0269606542260346
"518","Spain",-0.231103975272331,2014,-0.45498652944378,0,-0.16582719486181,0,0,0.58867719545517,-0.0449316624184426
"519","Sweden",1.64242596166824,2014,1.81851893292743,9,-0.16582719486181,0,0,1.69695267182974,-0.249164548511902
"520","Switzerland",2.99311033481145,2014,1.21225080962844,10,-0.16582719486181,0,0,2.8220276248518,-0.25760319313315
"521","Tajikistan",-0.645023379945248,2014,-0.45498652944378,0,-0.16582719486181,0,0,-0.753007719492337,-0.258113226841462
"522","Thailand",-0.623238148120358,2014,-0.45498652944378,0,-0.16582719486181,0,0,-0.548959931800515,0.0699524302609937
"523","Togo",-0.623238148120358,2014,-0.45498652944378,0,-0.16582719486181,0,0,-0.766937195478413,-0.26436465886415
"524","Tonga",-0.645023379945248,2014,-0.45498652944378,0,-0.16582719486181,0,0,-0.615646882526908,-0.30051456457348
"525","Turkey",-0.536097220820796,2014,-0.45498652944378,0,-0.16582719486181,0,0,-0.29133478782937,0.102730912443221
"526","Ukraine",0.269956356700149,2014,-0.151852467794286,23,-0.16582719486181,0,0,-0.637936060636083,-0.0497263371209261
"527","United States",4.34379470795465,2014,3.78889033364915,2,-0.16582719486181,0,0,1.46294106127183,1.41118572196255
"528","Uzbekistan",-0.601452916295468,2014,-0.45498652944378,0,-0.16582719486181,0,0,-0.720748001527098,-0.140974558683068
"529","Venezuela",-0.645023379945248,2014,-0.45498652944378,0,-0.16582719486181,0,0,-0.241603232244523,-0.139213169872898
"530","Virgin Islands",-0.645023379945248,2014,-0.45498652944378,0,-0.16582719486181,0,0,0.972370778525793,-0.300507780257805
"531","Zimbabwe",-0.645023379945248,2014,-0.45498652944378,0,-0.16582719486181,0,0,-0.753990861934791,-0.221904974698486
